{"cameraMode":{"drawMode":0,"name":"Shaded","section":"Shading Mode"},"sceneLighting":true,"audioPlay":false,"sceneViewState":{"m_AlwaysRefresh":false,"showFog":true,"showSkybox":true,"showFlares":true,"showImageEffects":true,"showParticleSystems":true,"showVisualEffectGraphs":true,"m_FxEnabled":true},"in2DMode":false,"pivot":{"x":0.04362297058105469,"y":-0.9609379768371582,"z":-0.2860088348388672},"rotation":{"x":-0.083638995885849,"y":-0.37255439162254336,"z":0.03373699635267258,"w":-0.9236183762550354},"size":9.977445602416993,"orthographic":false}